<?xml version="1.0" encoding="UTF-8"?>
<!-- IMPORTANT: This is an internal file that has been generated
     by the Xilinx ISE software.  Any direct editing or
     changes made to this file may result in unpredictable
     behavior or data corruption.  It is strongly advised that
     users do not edit the contents of this file. -->
<DeviceUsageSummary rev="6">
<DesignStatistics TimeStamp="Fri May 09 11:54:19 2025"><group name="NetStatistics">
<item name="NumNets_Active" rev="6">
<attrib name="value" value="70"/></item>
<item name="NumNets_Gnd" rev="6">
<attrib name="value" value="1"/></item>
<item name="NumNets_Vcc" rev="6">
<attrib name="value" value="1"/></item>
<item name="NumNodesOfType_Active_BOUNCEIN" rev="6">
<attrib name="value" value="10"/></item>
<item name="NumNodesOfType_Active_BUFGOUT" rev="6">
<attrib name="value" value="1"/></item>
<item name="NumNodesOfType_Active_BUFHINP2OUT" rev="6">
<attrib name="value" value="1"/></item>
<item name="NumNodesOfType_Active_CLKPIN" rev="6">
<attrib name="value" value="11"/></item>
<item name="NumNodesOfType_Active_CLKPINFEED" rev="6">
<attrib name="value" value="1"/></item>
<item name="NumNodesOfType_Active_CNTRLPIN" rev="6">
<attrib name="value" value="11"/></item>
<item name="NumNodesOfType_Active_DOUBLE" rev="6">
<attrib name="value" value="44"/></item>
<item name="NumNodesOfType_Active_GENERIC" rev="6">
<attrib name="value" value="16"/></item>
<item name="NumNodesOfType_Active_GLOBAL" rev="6">
<attrib name="value" value="10"/></item>
<item name="NumNodesOfType_Active_INPUT" rev="6">
<attrib name="value" value="9"/></item>
<item name="NumNodesOfType_Active_IOBIN2OUT" rev="6">
<attrib name="value" value="15"/></item>
<item name="NumNodesOfType_Active_IOBOUTPUT" rev="6">
<attrib name="value" value="15"/></item>
<item name="NumNodesOfType_Active_LUTINPUT" rev="6">
<attrib name="value" value="67"/></item>
<item name="NumNodesOfType_Active_OUTBOUND" rev="6">
<attrib name="value" value="43"/></item>
<item name="NumNodesOfType_Active_OUTPUT" rev="6">
<attrib name="value" value="52"/></item>
<item name="NumNodesOfType_Active_PADINPUT" rev="6">
<attrib name="value" value="15"/></item>
<item name="NumNodesOfType_Active_PADOUTPUT" rev="6">
<attrib name="value" value="1"/></item>
<item name="NumNodesOfType_Active_PINBOUNCE" rev="6">
<attrib name="value" value="19"/></item>
<item name="NumNodesOfType_Active_PINFEED" rev="6">
<attrib name="value" value="103"/></item>
<item name="NumNodesOfType_Active_QUAD" rev="6">
<attrib name="value" value="25"/></item>
<item name="NumNodesOfType_Active_REGINPUT" rev="6">
<attrib name="value" value="1"/></item>
<item name="NumNodesOfType_Active_SINGLE" rev="6">
<attrib name="value" value="49"/></item>
<item name="NumNodesOfType_Vcc_HVCCOUT" rev="6">
<attrib name="value" value="13"/></item>
<item name="NumNodesOfType_Vcc_KVCCOUT" rev="6">
<attrib name="value" value="1"/></item>
<item name="NumNodesOfType_Vcc_LUTINPUT" rev="6">
<attrib name="value" value="40"/></item>
<item name="NumNodesOfType_Vcc_PINBOUNCE" rev="6">
<attrib name="value" value="1"/></item>
<item name="NumNodesOfType_Vcc_PINFEED" rev="6">
<attrib name="value" value="40"/></item>
<item name="NumNodesOfType_Vcc_REGINPUT" rev="6">
<attrib name="value" value="1"/></item>
</group>
<group name="MiscellaneousStatistics">
<item name="AGG_BONDED_IO" rev="5">
<attrib name="value" value="17"/></item>
<item name="AGG_IO" rev="5">
<attrib name="value" value="17"/></item>
<item name="AGG_LOCED_IO" rev="5">
<attrib name="value" value="17"/></item>
<item name="AGG_SLICE" rev="5">
<attrib name="value" value="16"/></item>
<item name="NUM_BONDED_IOB" rev="5">
<attrib name="value" value="17"/></item>
<item name="NUM_BSFULL" rev="5">
<attrib name="value" value="33"/></item>
<item name="NUM_BSLUTONLY" rev="5">
<attrib name="value" value="9"/></item>
<item name="NUM_BSREGONLY" rev="5">
<attrib name="value" value="2"/></item>
<item name="NUM_BSUSED" rev="5">
<attrib name="value" value="44"/></item>
<item name="NUM_BUFG" rev="5">
<attrib name="value" value="1"/></item>
<item name="NUM_LOCED_IOB" rev="5">
<attrib name="value" value="17"/></item>
<item name="NUM_LOGIC_O5ANDO6" rev="5">
<attrib name="value" value="11"/></item>
<item name="NUM_LOGIC_O5ONLY" rev="5">
<attrib name="value" value="29"/></item>
<item name="NUM_LOGIC_O6ONLY" rev="5">
<attrib name="value" value="1"/></item>
<item name="NUM_LUT_RT_DRIVES_CARRY4" rev="5">
<attrib name="value" value="1"/></item>
<item name="NUM_LUT_RT_EXO6" rev="5">
<attrib name="value" value="1"/></item>
<item name="NUM_LUT_RT_O6" rev="5">
<attrib name="value" value="29"/></item>
<item name="NUM_SLICEL" rev="5">
<attrib name="value" value="10"/></item>
<item name="NUM_SLICEX" rev="5">
<attrib name="value" value="6"/></item>
<item name="NUM_SLICE_CARRY4" rev="5">
<attrib name="value" value="10"/></item>
<item name="NUM_SLICE_CONTROLSET" rev="5">
<attrib name="value" value="4"/></item>
<item name="NUM_SLICE_CYINIT" rev="5">
<attrib name="value" value="84"/></item>
<item name="NUM_SLICE_FF" rev="5">
<attrib name="value" value="35"/></item>
<item name="NUM_SLICE_UNUSEDCTRL" rev="5">
<attrib name="value" value="5"/></item>
<item name="NUM_UNUSABLE_FF_BELS" rev="5">
<attrib name="value" value="21"/></item>
</group>
<group name="SiteStatistics">
<item name="BUFG-BUFGMUX" rev="6">
<attrib name="value" value="1"/></item>
<item name="IOB-IOBM" rev="6">
<attrib name="value" value="8"/></item>
<item name="IOB-IOBS" rev="6">
<attrib name="value" value="9"/></item>
<item name="SLICEL-SLICEM" rev="6">
<attrib name="value" value="8"/></item>
<item name="SLICEX-SLICEL" rev="6">
<attrib name="value" value="3"/></item>
</group>
</DesignStatistics>
<DeviceUsage TimeStamp="Fri May 09 11:54:19 2025"><group name="SiteSummary">
<item name="BUFG" rev="6">
<attrib name="total" value="1000000"/><attrib name="used" value="1"/></item>
<item name="BUFG_BUFG" rev="6">
<attrib name="total" value="1000000"/><attrib name="used" value="1"/></item>
<item name="CARRY4" rev="6">
<attrib name="total" value="1000000"/><attrib name="used" value="10"/></item>
<item name="FF_SR" rev="6">
<attrib name="total" value="1000000"/><attrib name="used" value="1"/></item>
<item name="HARD0" rev="6">
<attrib name="total" value="1000000"/><attrib name="used" value="1"/></item>
<item name="HARD1" rev="6">
<attrib name="total" value="1000000"/><attrib name="used" value="1"/></item>
<item name="IOB" rev="6">
<attrib name="total" value="1000000"/><attrib name="used" value="17"/></item>
<item name="IOB_IMUX" rev="6">
<attrib name="total" value="1000000"/><attrib name="used" value="1"/></item>
<item name="IOB_INBUF" rev="6">
<attrib name="total" value="1000000"/><attrib name="used" value="1"/></item>
<item name="IOB_OUTBUF" rev="6">
<attrib name="total" value="1000000"/><attrib name="used" value="16"/></item>
<item name="LUT5" rev="6">
<attrib name="total" value="1000000"/><attrib name="used" value="40"/></item>
<item name="LUT6" rev="6">
<attrib name="total" value="1000000"/><attrib name="used" value="42"/></item>
<item name="PAD" rev="6">
<attrib name="total" value="1000000"/><attrib name="used" value="17"/></item>
<item name="REG_SR" rev="6">
<attrib name="total" value="1000000"/><attrib name="used" value="34"/></item>
<item name="SLICEL" rev="6">
<attrib name="total" value="1000000"/><attrib name="used" value="10"/></item>
<item name="SLICEX" rev="6">
<attrib name="total" value="1000000"/><attrib name="used" value="6"/></item>
</group>
</DeviceUsage>
<ReportConfigData TimeStamp="Fri May 09 11:54:19 2025"><group name="REG_SR">
<item name="CK" rev="6">
<attrib name="CK" value="34"/><attrib name="CK_INV" value="0"/></item>
<item name="LATCH_OR_FF" rev="6">
<attrib name="FF" value="34"/></item>
<item name="SRINIT" rev="6">
<attrib name="SRINIT0" value="34"/></item>
<item name="SYNC_ATTR" rev="6">
<attrib name="ASYNC" value="34"/></item>
</group>
<group name="SLICEL">
<item name="CLK" rev="6">
<attrib name="CLK" value="8"/><attrib name="CLK_INV" value="0"/></item>
</group>
<group name="IOB_OUTBUF">
<item name="DRIVEATTRBOX" rev="6">
<attrib name="12" value="16"/></item>
<item name="SLEW" rev="6">
<attrib name="SLOW" value="16"/></item>
<item name="SUSPEND" rev="6">
<attrib name="3STATE" value="16"/></item>
</group>
<group name="SLICEX">
<item name="CLK" rev="6">
<attrib name="CLK" value="3"/><attrib name="CLK_INV" value="0"/></item>
</group>
<group name="FF_SR">
<item name="CK" rev="6">
<attrib name="CK" value="1"/><attrib name="CK_INV" value="0"/></item>
<item name="SRINIT" rev="6">
<attrib name="SRINIT0" value="1"/></item>
<item name="SYNC_ATTR" rev="6">
<attrib name="ASYNC" value="1"/></item>
</group>
</ReportConfigData>
<ReportPinData TimeStamp="Fri May 09 11:54:19 2025"><group name="REG_SR">
<item name="CE" rev="6">
<attrib name="value" value="2"/></item>
<item name="CK" rev="6">
<attrib name="value" value="34"/></item>
<item name="D" rev="6">
<attrib name="value" value="34"/></item>
<item name="Q" rev="6">
<attrib name="value" value="34"/></item>
<item name="SR" rev="6">
<attrib name="value" value="32"/></item>
</group>
<group name="SLICEL">
<item name="A1" rev="6">
<attrib name="value" value="2"/></item>
<item name="A2" rev="6">
<attrib name="value" value="2"/></item>
<item name="A3" rev="6">
<attrib name="value" value="2"/></item>
<item name="A4" rev="6">
<attrib name="value" value="10"/></item>
<item name="A5" rev="6">
<attrib name="value" value="2"/></item>
<item name="A6" rev="6">
<attrib name="value" value="10"/></item>
<item name="AQ" rev="6">
<attrib name="value" value="8"/></item>
<item name="B1" rev="6">
<attrib name="value" value="1"/></item>
<item name="B2" rev="6">
<attrib name="value" value="1"/></item>
<item name="B3" rev="6">
<attrib name="value" value="1"/></item>
<item name="B4" rev="6">
<attrib name="value" value="10"/></item>
<item name="B5" rev="6">
<attrib name="value" value="2"/></item>
<item name="B6" rev="6">
<attrib name="value" value="10"/></item>
<item name="BMUX" rev="6">
<attrib name="value" value="1"/></item>
<item name="BQ" rev="6">
<attrib name="value" value="8"/></item>
<item name="C1" rev="6">
<attrib name="value" value="1"/></item>
<item name="C2" rev="6">
<attrib name="value" value="1"/></item>
<item name="C3" rev="6">
<attrib name="value" value="1"/></item>
<item name="C4" rev="6">
<attrib name="value" value="9"/></item>
<item name="C5" rev="6">
<attrib name="value" value="1"/></item>
<item name="C6" rev="6">
<attrib name="value" value="8"/></item>
<item name="CIN" rev="6">
<attrib name="value" value="8"/></item>
<item name="CLK" rev="6">
<attrib name="value" value="8"/></item>
<item name="COUT" rev="6">
<attrib name="value" value="8"/></item>
<item name="CQ" rev="6">
<attrib name="value" value="8"/></item>
<item name="D1" rev="6">
<attrib name="value" value="1"/></item>
<item name="D2" rev="6">
<attrib name="value" value="1"/></item>
<item name="D3" rev="6">
<attrib name="value" value="1"/></item>
<item name="D4" rev="6">
<attrib name="value" value="8"/></item>
<item name="D5" rev="6">
<attrib name="value" value="1"/></item>
<item name="D6" rev="6">
<attrib name="value" value="8"/></item>
<item name="DQ" rev="6">
<attrib name="value" value="7"/></item>
<item name="SR" rev="6">
<attrib name="value" value="8"/></item>
</group>
<group name="IOB_OUTBUF">
<item name="IN" rev="6">
<attrib name="value" value="16"/></item>
<item name="OUT" rev="6">
<attrib name="value" value="16"/></item>
</group>
<group name="SLICEX">
<item name="A" rev="6">
<attrib name="value" value="2"/></item>
<item name="A4" rev="6">
<attrib name="value" value="2"/></item>
<item name="A5" rev="6">
<attrib name="value" value="2"/></item>
<item name="A6" rev="6">
<attrib name="value" value="2"/></item>
<item name="AMUX" rev="6">
<attrib name="value" value="2"/></item>
<item name="AQ" rev="6">
<attrib name="value" value="1"/></item>
<item name="AX" rev="6">
<attrib name="value" value="1"/></item>
<item name="B4" rev="6">
<attrib name="value" value="1"/></item>
<item name="BQ" rev="6">
<attrib name="value" value="1"/></item>
<item name="CE" rev="6">
<attrib name="value" value="2"/></item>
<item name="CLK" rev="6">
<attrib name="value" value="3"/></item>
<item name="D" rev="6">
<attrib name="value" value="2"/></item>
<item name="D4" rev="6">
<attrib name="value" value="2"/></item>
<item name="D5" rev="6">
<attrib name="value" value="2"/></item>
<item name="D6" rev="6">
<attrib name="value" value="2"/></item>
<item name="DMUX" rev="6">
<attrib name="value" value="2"/></item>
<item name="DQ" rev="6">
<attrib name="value" value="1"/></item>
<item name="DX" rev="6">
<attrib name="value" value="1"/></item>
<item name="SR" rev="6">
<attrib name="value" value="1"/></item>
</group>
<group name="BUFG_BUFG">
<item name="I0" rev="6">
<attrib name="value" value="1"/></item>
<item name="O" rev="6">
<attrib name="value" value="1"/></item>
</group>
<group name="PAD">
<item name="PAD" rev="6">
<attrib name="value" value="17"/></item>
</group>
<group name="IOB_INBUF">
<item name="OUT" rev="6">
<attrib name="value" value="1"/></item>
<item name="PAD" rev="6">
<attrib name="value" value="1"/></item>
</group>
<group name="CARRY4">
<item name="CIN" rev="6">
<attrib name="value" value="8"/></item>
<item name="CO1" rev="6">
<attrib name="value" value="1"/></item>
<item name="CO3" rev="6">
<attrib name="value" value="8"/></item>
<item name="CYINIT" rev="6">
<attrib name="value" value="2"/></item>
<item name="DI0" rev="6">
<attrib name="value" value="10"/></item>
<item name="DI1" rev="6">
<attrib name="value" value="10"/></item>
<item name="DI2" rev="6">
<attrib name="value" value="8"/></item>
<item name="DI3" rev="6">
<attrib name="value" value="8"/></item>
<item name="O0" rev="6">
<attrib name="value" value="8"/></item>
<item name="O1" rev="6">
<attrib name="value" value="8"/></item>
<item name="O2" rev="6">
<attrib name="value" value="8"/></item>
<item name="O3" rev="6">
<attrib name="value" value="7"/></item>
<item name="S0" rev="6">
<attrib name="value" value="10"/></item>
<item name="S1" rev="6">
<attrib name="value" value="10"/></item>
<item name="S2" rev="6">
<attrib name="value" value="9"/></item>
<item name="S3" rev="6">
<attrib name="value" value="8"/></item>
</group>
<group name="LUT5">
<item name="A1" rev="6">
<attrib name="value" value="4"/></item>
<item name="A2" rev="6">
<attrib name="value" value="5"/></item>
<item name="A3" rev="6">
<attrib name="value" value="5"/></item>
<item name="A4" rev="6">
<attrib name="value" value="8"/></item>
<item name="A5" rev="6">
<attrib name="value" value="10"/></item>
<item name="O5" rev="6">
<attrib name="value" value="40"/></item>
</group>
<group name="LUT6">
<item name="A1" rev="6">
<attrib name="value" value="5"/></item>
<item name="A2" rev="6">
<attrib name="value" value="5"/></item>
<item name="A3" rev="6">
<attrib name="value" value="5"/></item>
<item name="A4" rev="6">
<attrib name="value" value="42"/></item>
<item name="A5" rev="6">
<attrib name="value" value="10"/></item>
<item name="A6" rev="6">
<attrib name="value" value="40"/></item>
<item name="O6" rev="6">
<attrib name="value" value="42"/></item>
</group>
<group name="IOB_IMUX">
<item name="I" rev="6">
<attrib name="value" value="1"/></item>
<item name="OUT" rev="6">
<attrib name="value" value="1"/></item>
</group>
<group name="IOB">
<item name="I" rev="6">
<attrib name="value" value="1"/></item>
<item name="O" rev="6">
<attrib name="value" value="16"/></item>
<item name="PAD" rev="6">
<attrib name="value" value="17"/></item>
</group>
<group name="HARD0">
<item name="0" rev="6">
<attrib name="value" value="1"/></item>
</group>
<group name="HARD1">
<item name="1" rev="6">
<attrib name="value" value="1"/></item>
</group>
<group name="FF_SR">
<item name="CE" rev="6">
<attrib name="value" value="1"/></item>
<item name="CK" rev="6">
<attrib name="value" value="1"/></item>
<item name="D" rev="6">
<attrib name="value" value="1"/></item>
<item name="Q" rev="6">
<attrib name="value" value="1"/></item>
</group>
<group name="BUFG">
<item name="I0" rev="6">
<attrib name="value" value="1"/></item>
<item name="O" rev="6">
<attrib name="value" value="1"/></item>
</group>
</ReportPinData>
<CmdHistory>
</CmdHistory>
</DeviceUsageSummary>
