<?xml version="1.0" encoding="UTF-8"?>
<!-- IMPORTANT: This is an internal file that has been generated
     by the Xilinx ISE software.  Any direct editing or
     changes made to this file may result in unpredictable
     behavior or data corruption.  It is strongly advised that
     users do not edit the contents of this file. -->
<DeviceUsageSummary rev="30">
<DesignStatistics TimeStamp="Fri Jun 13 11:59:01 2025"><group name="NetStatistics">
<item name="NumNets_Active" rev="30">
<attrib name="value" value="883"/></item>
<item name="NumNets_Gnd" rev="30">
<attrib name="value" value="1"/></item>
<item name="NumNets_Vcc" rev="30">
<attrib name="value" value="1"/></item>
<item name="NumNodesOfType_Active_BOUNCEACROSS" rev="30">
<attrib name="value" value="19"/></item>
<item name="NumNodesOfType_Active_BOUNCEIN" rev="30">
<attrib name="value" value="138"/></item>
<item name="NumNodesOfType_Active_BUFGOUT" rev="30">
<attrib name="value" value="1"/></item>
<item name="NumNodesOfType_Active_BUFHINP2OUT" rev="30">
<attrib name="value" value="4"/></item>
<item name="NumNodesOfType_Active_CLKPIN" rev="30">
<attrib name="value" value="164"/></item>
<item name="NumNodesOfType_Active_CLKPINFEED" rev="30">
<attrib name="value" value="4"/></item>
<item name="NumNodesOfType_Active_CNTRLPIN" rev="30">
<attrib name="value" value="218"/></item>
<item name="NumNodesOfType_Active_DOUBLE" rev="30">
<attrib name="value" value="1586"/></item>
<item name="NumNodesOfType_Active_GENERIC" rev="30">
<attrib name="value" value="46"/></item>
<item name="NumNodesOfType_Active_GLOBAL" rev="30">
<attrib name="value" value="43"/></item>
<item name="NumNodesOfType_Active_INPUT" rev="30">
<attrib name="value" value="257"/></item>
<item name="NumNodesOfType_Active_IOBIN2OUT" rev="30">
<attrib name="value" value="32"/></item>
<item name="NumNodesOfType_Active_IOBOUTPUT" rev="30">
<attrib name="value" value="32"/></item>
<item name="NumNodesOfType_Active_LUTINPUT" rev="30">
<attrib name="value" value="2291"/></item>
<item name="NumNodesOfType_Active_OUTBOUND" rev="30">
<attrib name="value" value="929"/></item>
<item name="NumNodesOfType_Active_OUTPUT" rev="30">
<attrib name="value" value="870"/></item>
<item name="NumNodesOfType_Active_PADINPUT" rev="30">
<attrib name="value" value="19"/></item>
<item name="NumNodesOfType_Active_PADOUTPUT" rev="30">
<attrib name="value" value="14"/></item>
<item name="NumNodesOfType_Active_PINBOUNCE" rev="30">
<attrib name="value" value="625"/></item>
<item name="NumNodesOfType_Active_PINFEED" rev="30">
<attrib name="value" value="2710"/></item>
<item name="NumNodesOfType_Active_QUAD" rev="30">
<attrib name="value" value="926"/></item>
<item name="NumNodesOfType_Active_REGINPUT" rev="30">
<attrib name="value" value="167"/></item>
<item name="NumNodesOfType_Active_SINGLE" rev="30">
<attrib name="value" value="1964"/></item>
<item name="NumNodesOfType_Gnd_BOUNCEIN" rev="30">
<attrib name="value" value="26"/></item>
<item name="NumNodesOfType_Gnd_CNTRLPIN" rev="30">
<attrib name="value" value="1"/></item>
<item name="NumNodesOfType_Gnd_DOUBLE" rev="30">
<attrib name="value" value="4"/></item>
<item name="NumNodesOfType_Gnd_HGNDOUT" rev="30">
<attrib name="value" value="17"/></item>
<item name="NumNodesOfType_Gnd_INPUT" rev="30">
<attrib name="value" value="64"/></item>
<item name="NumNodesOfType_Gnd_LUTINPUT" rev="30">
<attrib name="value" value="23"/></item>
<item name="NumNodesOfType_Gnd_OUTBOUND" rev="30">
<attrib name="value" value="11"/></item>
<item name="NumNodesOfType_Gnd_OUTPUT" rev="30">
<attrib name="value" value="13"/></item>
<item name="NumNodesOfType_Gnd_PINBOUNCE" rev="30">
<attrib name="value" value="36"/></item>
<item name="NumNodesOfType_Gnd_PINFEED" rev="30">
<attrib name="value" value="76"/></item>
<item name="NumNodesOfType_Gnd_QUAD" rev="30">
<attrib name="value" value="1"/></item>
<item name="NumNodesOfType_Gnd_REGINPUT" rev="30">
<attrib name="value" value="4"/></item>
<item name="NumNodesOfType_Gnd_SINGLE" rev="30">
<attrib name="value" value="7"/></item>
<item name="NumNodesOfType_Vcc_CLKPIN" rev="30">
<attrib name="value" value="1"/></item>
<item name="NumNodesOfType_Vcc_CNTRLPIN" rev="30">
<attrib name="value" value="1"/></item>
<item name="NumNodesOfType_Vcc_HVCCOUT" rev="30">
<attrib name="value" value="72"/></item>
<item name="NumNodesOfType_Vcc_KVCCOUT" rev="30">
<attrib name="value" value="9"/></item>
<item name="NumNodesOfType_Vcc_LUTINPUT" rev="30">
<attrib name="value" value="229"/></item>
<item name="NumNodesOfType_Vcc_PINBOUNCE" rev="30">
<attrib name="value" value="4"/></item>
<item name="NumNodesOfType_Vcc_PINFEED" rev="30">
<attrib name="value" value="230"/></item>
<item name="NumNodesOfType_Vcc_REGINPUT" rev="30">
<attrib name="value" value="3"/></item>
</group>
<group name="MiscellaneousStatistics">
<item name="AGG_BONDED_IO" rev="15">
<attrib name="value" value="33"/></item>
<item name="AGG_IO" rev="15">
<attrib name="value" value="33"/></item>
<item name="AGG_LOCED_IO" rev="15">
<attrib name="value" value="32"/></item>
<item name="AGG_SLICE" rev="15">
<attrib name="value" value="197"/></item>
<item name="NUM_BONDED_IOB" rev="15">
<attrib name="value" value="33"/></item>
<item name="NUM_BSFULL" rev="15">
<attrib name="value" value="208"/></item>
<item name="NUM_BSLUTONLY" rev="15">
<attrib name="value" value="304"/></item>
<item name="NUM_BSREGONLY" rev="15">
<attrib name="value" value="32"/></item>
<item name="NUM_BSUSED" rev="15">
<attrib name="value" value="544"/></item>
<item name="NUM_BUFG" rev="15">
<attrib name="value" value="1"/></item>
<item name="NUM_DPRAM_O5ANDO6" rev="15">
<attrib name="value" value="64"/></item>
<item name="NUM_LOCED_IOB" rev="15">
<attrib name="value" value="32"/></item>
<item name="NUM_LOGIC_O5ANDO6" rev="15">
<attrib name="value" value="120"/></item>
<item name="NUM_LOGIC_O5ONLY" rev="15">
<attrib name="value" value="11"/></item>
<item name="NUM_LOGIC_O6ONLY" rev="15">
<attrib name="value" value="287"/></item>
<item name="NUM_LUT_RT_DRIVES_CARRY4" rev="15">
<attrib name="value" value="2"/></item>
<item name="NUM_LUT_RT_DRIVES_FLOP" rev="15">
<attrib name="value" value="5"/></item>
<item name="NUM_LUT_RT_EXO5" rev="15">
<attrib name="value" value="5"/></item>
<item name="NUM_LUT_RT_EXO6" rev="15">
<attrib name="value" value="2"/></item>
<item name="NUM_LUT_RT_O5" rev="15">
<attrib name="value" value="2"/></item>
<item name="NUM_LUT_RT_O6" rev="15">
<attrib name="value" value="11"/></item>
<item name="NUM_RAMB16BWER" rev="15">
<attrib name="value" value="4"/></item>
<item name="NUM_SLICEL" rev="15">
<attrib name="value" value="21"/></item>
<item name="NUM_SLICEM" rev="15">
<attrib name="value" value="22"/></item>
<item name="NUM_SLICEX" rev="15">
<attrib name="value" value="154"/></item>
<item name="NUM_SLICE_CARRY4" rev="15">
<attrib name="value" value="19"/></item>
<item name="NUM_SLICE_CONTROLSET" rev="15">
<attrib name="value" value="25"/></item>
<item name="NUM_SLICE_CYINIT" rev="15">
<attrib name="value" value="732"/></item>
<item name="NUM_SLICE_F7MUX" rev="15">
<attrib name="value" value="2"/></item>
<item name="NUM_SLICE_FF" rev="15">
<attrib name="value" value="249"/></item>
<item name="NUM_SLICE_LATCHLOGIC" rev="15">
<attrib name="value" value="2"/></item>
<item name="NUM_SLICE_UNUSEDCTRL" rev="15">
<attrib name="value" value="32"/></item>
<item name="NUM_SRL_O5ANDO6" rev="15">
<attrib name="value" value="20"/></item>
<item name="NUM_SRL_O6ONLY" rev="15">
<attrib name="value" value="3"/></item>
<item name="NUM_UNUSABLE_FF_BELS" rev="15">
<attrib name="value" value="84"/></item>
<item name="Xilinx Core microblaze_mcs_v1_4, Xilinx CORE Generator 14.7" rev="15">
<attrib name="value" value="1"/></item>
</group>
<group name="SiteStatistics">
<item name="BUFG-BUFGMUX" rev="30">
<attrib name="value" value="1"/></item>
<item name="IOB-IOBM" rev="30">
<attrib name="value" value="15"/></item>
<item name="IOB-IOBS" rev="30">
<attrib name="value" value="18"/></item>
<item name="SLICEL-SLICEM" rev="30">
<attrib name="value" value="4"/></item>
<item name="SLICEX-SLICEL" rev="30">
<attrib name="value" value="35"/></item>
<item name="SLICEX-SLICEM" rev="30">
<attrib name="value" value="25"/></item>
</group>
</DesignStatistics>
<DeviceUsage TimeStamp="Fri Jun 13 11:59:01 2025"><group name="SiteSummary">
<item name="BUFG" rev="30">
<attrib name="total" value="1000000"/><attrib name="used" value="1"/></item>
<item name="BUFG_BUFG" rev="30">
<attrib name="total" value="1000000"/><attrib name="used" value="1"/></item>
<item name="CARRY4" rev="30">
<attrib name="total" value="1000000"/><attrib name="used" value="19"/></item>
<item name="FF_SR" rev="30">
<attrib name="total" value="1000000"/><attrib name="used" value="46"/></item>
<item name="HARD0" rev="30">
<attrib name="total" value="1000000"/><attrib name="used" value="2"/></item>
<item name="HARD1" rev="30">
<attrib name="total" value="1000000"/><attrib name="used" value="1"/></item>
<item name="IOB" rev="30">
<attrib name="total" value="1000000"/><attrib name="used" value="33"/></item>
<item name="IOB_IMUX" rev="30">
<attrib name="total" value="1000000"/><attrib name="used" value="14"/></item>
<item name="IOB_INBUF" rev="30">
<attrib name="total" value="1000000"/><attrib name="used" value="14"/></item>
<item name="IOB_OUTBUF" rev="30">
<attrib name="total" value="1000000"/><attrib name="used" value="19"/></item>
<item name="LUT5" rev="30">
<attrib name="total" value="1000000"/><attrib name="used" value="138"/></item>
<item name="LUT6" rev="30">
<attrib name="total" value="1000000"/><attrib name="used" value="420"/></item>
<item name="LUT_OR_MEM5" rev="30">
<attrib name="total" value="1000000"/><attrib name="used" value="84"/></item>
<item name="LUT_OR_MEM6" rev="30">
<attrib name="total" value="1000000"/><attrib name="used" value="87"/></item>
<item name="PAD" rev="30">
<attrib name="total" value="1000000"/><attrib name="used" value="33"/></item>
<item name="RAMB16BWER" rev="30">
<attrib name="total" value="1000000"/><attrib name="used" value="4"/></item>
<item name="RAMB16BWER_RAMB16BWER" rev="30">
<attrib name="total" value="1000000"/><attrib name="used" value="4"/></item>
<item name="REG_SR" rev="30">
<attrib name="total" value="1000000"/><attrib name="used" value="205"/></item>
<item name="SELMUX2_1" rev="30">
<attrib name="total" value="1000000"/><attrib name="used" value="2"/></item>
<item name="SLICEL" rev="30">
<attrib name="total" value="1000000"/><attrib name="used" value="21"/></item>
<item name="SLICEM" rev="30">
<attrib name="total" value="1000000"/><attrib name="used" value="22"/></item>
<item name="SLICEX" rev="30">
<attrib name="total" value="1000000"/><attrib name="used" value="154"/></item>
</group>
</DeviceUsage>
<ReportConfigData TimeStamp="Fri Jun 13 11:59:01 2025"><group name="REG_SR">
<item name="CK" rev="30">
<attrib name="CK" value="203"/><attrib name="CK_INV" value="2"/></item>
<item name="LATCH_OR_FF" rev="30">
<attrib name="FF" value="203"/><attrib name="AND2L" value="2"/></item>
<item name="SRINIT" rev="30">
<attrib name="SRINIT0" value="186"/><attrib name="SRINIT1" value="19"/></item>
<item name="SYNC_ATTR" rev="30">
<attrib name="ASYNC" value="63"/><attrib name="SYNC" value="142"/></item>
</group>
<group name="LUT_OR_MEM5">
<item name="CLK" rev="30">
<attrib name="CLK" value="84"/><attrib name="CLK_INV" value="0"/></item>
<item name="LUT_OR_MEM" rev="30">
<attrib name="RAM" value="84"/></item>
<item name="RAMMODE" rev="30">
<attrib name="SRL16" value="20"/><attrib name="DPRAM32" value="64"/></item>
</group>
<group name="LUT_OR_MEM6">
<item name="CLK" rev="30">
<attrib name="CLK" value="87"/><attrib name="CLK_INV" value="0"/></item>
<item name="LUT_OR_MEM" rev="30">
<attrib name="RAM" value="87"/></item>
<item name="RAMMODE" rev="30">
<attrib name="SRL16" value="23"/><attrib name="DPRAM32" value="64"/></item>
</group>
<group name="SLICEL">
<item name="CLK" rev="30">
<attrib name="CLK" value="13"/><attrib name="CLK_INV" value="1"/></item>
</group>
<group name="SLICEM">
<item name="CLK" rev="30">
<attrib name="CLK" value="22"/><attrib name="CLK_INV" value="0"/></item>
</group>
<group name="IOB_OUTBUF">
<item name="DRIVEATTRBOX" rev="30">
<attrib name="12" value="19"/></item>
<item name="SLEW" rev="30">
<attrib name="SLOW" value="19"/></item>
<item name="SUSPEND" rev="30">
<attrib name="3STATE" value="19"/></item>
</group>
<group name="SLICEX">
<item name="CLK" rev="30">
<attrib name="CLK" value="129"/><attrib name="CLK_INV" value="0"/></item>
</group>
<group name="RAMB16BWER">
<item name="CLKA" rev="30">
<attrib name="CLKA_INV" value="0"/><attrib name="CLKA" value="4"/></item>
<item name="CLKB" rev="30">
<attrib name="CLKB_INV" value="0"/><attrib name="CLKB" value="4"/></item>
<item name="ENA" rev="30">
<attrib name="ENA_INV" value="0"/><attrib name="ENA" value="4"/></item>
<item name="ENB" rev="30">
<attrib name="ENB_INV" value="0"/><attrib name="ENB" value="4"/></item>
<item name="RSTA" rev="30">
<attrib name="RSTA" value="4"/><attrib name="RSTA_INV" value="0"/></item>
<item name="RSTB" rev="30">
<attrib name="RSTB" value="4"/><attrib name="RSTB_INV" value="0"/></item>
<item name="WEA0" rev="30">
<attrib name="WEA0" value="4"/><attrib name="WEA0_INV" value="0"/></item>
<item name="WEA1" rev="30">
<attrib name="WEA1" value="4"/><attrib name="WEA1_INV" value="0"/></item>
<item name="WEA2" rev="30">
<attrib name="WEA2" value="4"/><attrib name="WEA2_INV" value="0"/></item>
<item name="WEA3" rev="30">
<attrib name="WEA3_INV" value="0"/><attrib name="WEA3" value="4"/></item>
<item name="WEB0" rev="30">
<attrib name="WEB0" value="4"/><attrib name="WEB0_INV" value="0"/></item>
<item name="WEB1" rev="30">
<attrib name="WEB1" value="4"/><attrib name="WEB1_INV" value="0"/></item>
<item name="WEB2" rev="30">
<attrib name="WEB2_INV" value="0"/><attrib name="WEB2" value="4"/></item>
<item name="WEB3" rev="30">
<attrib name="WEB3" value="4"/><attrib name="WEB3_INV" value="0"/></item>
</group>
<group name="RAMB16BWER_RAMB16BWER">
<item name="CLKA" rev="30">
<attrib name="CLKA_INV" value="0"/><attrib name="CLKA" value="4"/></item>
<item name="CLKB" rev="30">
<attrib name="CLKB_INV" value="0"/><attrib name="CLKB" value="4"/></item>
<item name="DATA_WIDTH_A" rev="30">
<attrib name="9" value="4"/></item>
<item name="DATA_WIDTH_B" rev="30">
<attrib name="9" value="4"/></item>
<item name="DOA_REG" rev="30">
<attrib name="0" value="4"/></item>
<item name="DOB_REG" rev="30">
<attrib name="0" value="4"/></item>
<item name="ENA" rev="30">
<attrib name="ENA_INV" value="0"/><attrib name="ENA" value="4"/></item>
<item name="ENB" rev="30">
<attrib name="ENB_INV" value="0"/><attrib name="ENB" value="4"/></item>
<item name="EN_RSTRAM_A" rev="30">
<attrib name="TRUE" value="4"/></item>
<item name="EN_RSTRAM_B" rev="30">
<attrib name="TRUE" value="4"/></item>
<item name="RAM_MODE" rev="30">
<attrib name="TDP" value="4"/></item>
<item name="RSTA" rev="30">
<attrib name="RSTA" value="4"/><attrib name="RSTA_INV" value="0"/></item>
<item name="RSTB" rev="30">
<attrib name="RSTB" value="4"/><attrib name="RSTB_INV" value="0"/></item>
<item name="RSTTYPE" rev="30">
<attrib name="SYNC" value="4"/></item>
<item name="RST_PRIORITY_A" rev="30">
<attrib name="CE" value="4"/></item>
<item name="RST_PRIORITY_B" rev="30">
<attrib name="CE" value="4"/></item>
<item name="WEA0" rev="30">
<attrib name="WEA0" value="4"/><attrib name="WEA0_INV" value="0"/></item>
<item name="WEA1" rev="30">
<attrib name="WEA1" value="4"/><attrib name="WEA1_INV" value="0"/></item>
<item name="WEA2" rev="30">
<attrib name="WEA2" value="4"/><attrib name="WEA2_INV" value="0"/></item>
<item name="WEA3" rev="30">
<attrib name="WEA3_INV" value="0"/><attrib name="WEA3" value="4"/></item>
<item name="WEB0" rev="30">
<attrib name="WEB0" value="4"/><attrib name="WEB0_INV" value="0"/></item>
<item name="WEB1" rev="30">
<attrib name="WEB1" value="4"/><attrib name="WEB1_INV" value="0"/></item>
<item name="WEB2" rev="30">
<attrib name="WEB2_INV" value="0"/><attrib name="WEB2" value="4"/></item>
<item name="WEB3" rev="30">
<attrib name="WEB3" value="4"/><attrib name="WEB3_INV" value="0"/></item>
<item name="WRITE_MODE_A" rev="30">
<attrib name="READ_FIRST" value="4"/></item>
<item name="WRITE_MODE_B" rev="30">
<attrib name="READ_FIRST" value="4"/></item>
</group>
<group name="FF_SR">
<item name="CK" rev="30">
<attrib name="CK" value="46"/><attrib name="CK_INV" value="0"/></item>
<item name="SRINIT" rev="30">
<attrib name="SRINIT0" value="46"/></item>
<item name="SYNC_ATTR" rev="30">
<attrib name="ASYNC" value="32"/><attrib name="SYNC" value="14"/></item>
</group>
</ReportConfigData>
<ReportPinData TimeStamp="Fri Jun 13 11:59:01 2025"><group name="REG_SR">
<item name="CE" rev="30">
<attrib name="value" value="145"/></item>
<item name="CK" rev="30">
<attrib name="value" value="205"/></item>
<item name="D" rev="30">
<attrib name="value" value="205"/></item>
<item name="Q" rev="30">
<attrib name="value" value="205"/></item>
<item name="SR" rev="30">
<attrib name="value" value="144"/></item>
</group>
<group name="LUT_OR_MEM5">
<item name="A1" rev="30">
<attrib name="value" value="84"/></item>
<item name="A2" rev="30">
<attrib name="value" value="84"/></item>
<item name="A3" rev="30">
<attrib name="value" value="84"/></item>
<item name="A4" rev="30">
<attrib name="value" value="84"/></item>
<item name="A5" rev="30">
<attrib name="value" value="84"/></item>
<item name="CLK" rev="30">
<attrib name="value" value="84"/></item>
<item name="DI1" rev="30">
<attrib name="value" value="84"/></item>
<item name="O5" rev="30">
<attrib name="value" value="82"/></item>
<item name="WA1" rev="30">
<attrib name="value" value="64"/></item>
<item name="WA2" rev="30">
<attrib name="value" value="64"/></item>
<item name="WA3" rev="30">
<attrib name="value" value="64"/></item>
<item name="WA4" rev="30">
<attrib name="value" value="64"/></item>
<item name="WA5" rev="30">
<attrib name="value" value="64"/></item>
<item name="WE" rev="30">
<attrib name="value" value="84"/></item>
</group>
<group name="LUT_OR_MEM6">
<item name="A1" rev="30">
<attrib name="value" value="87"/></item>
<item name="A2" rev="30">
<attrib name="value" value="87"/></item>
<item name="A3" rev="30">
<attrib name="value" value="87"/></item>
<item name="A4" rev="30">
<attrib name="value" value="87"/></item>
<item name="A5" rev="30">
<attrib name="value" value="87"/></item>
<item name="A6" rev="30">
<attrib name="value" value="87"/></item>
<item name="CLK" rev="30">
<attrib name="value" value="87"/></item>
<item name="DI2" rev="30">
<attrib name="value" value="87"/></item>
<item name="O6" rev="30">
<attrib name="value" value="57"/></item>
<item name="WA1" rev="30">
<attrib name="value" value="64"/></item>
<item name="WA2" rev="30">
<attrib name="value" value="64"/></item>
<item name="WA3" rev="30">
<attrib name="value" value="64"/></item>
<item name="WA4" rev="30">
<attrib name="value" value="64"/></item>
<item name="WA5" rev="30">
<attrib name="value" value="64"/></item>
<item name="WA6" rev="30">
<attrib name="value" value="64"/></item>
<item name="WE" rev="30">
<attrib name="value" value="87"/></item>
</group>
<group name="SLICEL">
<item name="A" rev="30">
<attrib name="value" value="2"/></item>
<item name="A1" rev="30">
<attrib name="value" value="4"/></item>
<item name="A2" rev="30">
<attrib name="value" value="11"/></item>
<item name="A3" rev="30">
<attrib name="value" value="15"/></item>
<item name="A4" rev="30">
<attrib name="value" value="16"/></item>
<item name="A5" rev="30">
<attrib name="value" value="20"/></item>
<item name="A6" rev="30">
<attrib name="value" value="20"/></item>
<item name="AMUX" rev="30">
<attrib name="value" value="17"/></item>
<item name="AQ" rev="30">
<attrib name="value" value="5"/></item>
<item name="AX" rev="30">
<attrib name="value" value="8"/></item>
<item name="B" rev="30">
<attrib name="value" value="2"/></item>
<item name="B1" rev="30">
<attrib name="value" value="5"/></item>
<item name="B2" rev="30">
<attrib name="value" value="13"/></item>
<item name="B3" rev="30">
<attrib name="value" value="15"/></item>
<item name="B4" rev="30">
<attrib name="value" value="16"/></item>
<item name="B5" rev="30">
<attrib name="value" value="19"/></item>
<item name="B6" rev="30">
<attrib name="value" value="20"/></item>
<item name="BMUX" rev="30">
<attrib name="value" value="14"/></item>
<item name="BQ" rev="30">
<attrib name="value" value="6"/></item>
<item name="BX" rev="30">
<attrib name="value" value="5"/></item>
<item name="C1" rev="30">
<attrib name="value" value="4"/></item>
<item name="C2" rev="30">
<attrib name="value" value="12"/></item>
<item name="C3" rev="30">
<attrib name="value" value="12"/></item>
<item name="C4" rev="30">
<attrib name="value" value="13"/></item>
<item name="C5" rev="30">
<attrib name="value" value="15"/></item>
<item name="C6" rev="30">
<attrib name="value" value="19"/></item>
<item name="CE" rev="30">
<attrib name="value" value="8"/></item>
<item name="CIN" rev="30">
<attrib name="value" value="14"/></item>
<item name="CLK" rev="30">
<attrib name="value" value="14"/></item>
<item name="CMUX" rev="30">
<attrib name="value" value="17"/></item>
<item name="COUT" rev="30">
<attrib name="value" value="14"/></item>
<item name="CQ" rev="30">
<attrib name="value" value="3"/></item>
<item name="CX" rev="30">
<attrib name="value" value="8"/></item>
<item name="D" rev="30">
<attrib name="value" value="2"/></item>
<item name="D1" rev="30">
<attrib name="value" value="4"/></item>
<item name="D2" rev="30">
<attrib name="value" value="13"/></item>
<item name="D3" rev="30">
<attrib name="value" value="13"/></item>
<item name="D4" rev="30">
<attrib name="value" value="15"/></item>
<item name="D5" rev="30">
<attrib name="value" value="18"/></item>
<item name="D6" rev="30">
<attrib name="value" value="19"/></item>
<item name="DMUX" rev="30">
<attrib name="value" value="12"/></item>
<item name="DQ" rev="30">
<attrib name="value" value="8"/></item>
<item name="DX" rev="30">
<attrib name="value" value="6"/></item>
<item name="SR" rev="30">
<attrib name="value" value="11"/></item>
</group>
<group name="SLICEM">
<item name="A" rev="30">
<attrib name="value" value="21"/></item>
<item name="A1" rev="30">
<attrib name="value" value="21"/></item>
<item name="A2" rev="30">
<attrib name="value" value="21"/></item>
<item name="A3" rev="30">
<attrib name="value" value="21"/></item>
<item name="A4" rev="30">
<attrib name="value" value="21"/></item>
<item name="A5" rev="30">
<attrib name="value" value="21"/></item>
<item name="A6" rev="30">
<attrib name="value" value="21"/></item>
<item name="AI" rev="30">
<attrib name="value" value="21"/></item>
<item name="AMUX" rev="30">
<attrib name="value" value="21"/></item>
<item name="AQ" rev="30">
<attrib name="value" value="3"/></item>
<item name="AX" rev="30">
<attrib name="value" value="20"/></item>
<item name="B" rev="30">
<attrib name="value" value="22"/></item>
<item name="B1" rev="30">
<attrib name="value" value="22"/></item>
<item name="B2" rev="30">
<attrib name="value" value="22"/></item>
<item name="B3" rev="30">
<attrib name="value" value="22"/></item>
<item name="B4" rev="30">
<attrib name="value" value="22"/></item>
<item name="B5" rev="30">
<attrib name="value" value="22"/></item>
<item name="B6" rev="30">
<attrib name="value" value="22"/></item>
<item name="BI" rev="30">
<attrib name="value" value="22"/></item>
<item name="BMUX" rev="30">
<attrib name="value" value="21"/></item>
<item name="BQ" rev="30">
<attrib name="value" value="3"/></item>
<item name="BX" rev="30">
<attrib name="value" value="6"/></item>
<item name="C" rev="30">
<attrib name="value" value="7"/></item>
<item name="C1" rev="30">
<attrib name="value" value="22"/></item>
<item name="C2" rev="30">
<attrib name="value" value="22"/></item>
<item name="C3" rev="30">
<attrib name="value" value="22"/></item>
<item name="C4" rev="30">
<attrib name="value" value="22"/></item>
<item name="C5" rev="30">
<attrib name="value" value="22"/></item>
<item name="C6" rev="30">
<attrib name="value" value="22"/></item>
<item name="CE" rev="30">
<attrib name="value" value="22"/></item>
<item name="CI" rev="30">
<attrib name="value" value="22"/></item>
<item name="CLK" rev="30">
<attrib name="value" value="22"/></item>
<item name="CMUX" rev="30">
<attrib name="value" value="20"/></item>
<item name="CQ" rev="30">
<attrib name="value" value="5"/></item>
<item name="CX" rev="30">
<attrib name="value" value="21"/></item>
<item name="D" rev="30">
<attrib name="value" value="7"/></item>
<item name="D1" rev="30">
<attrib name="value" value="22"/></item>
<item name="D2" rev="30">
<attrib name="value" value="22"/></item>
<item name="D3" rev="30">
<attrib name="value" value="22"/></item>
<item name="D4" rev="30">
<attrib name="value" value="22"/></item>
<item name="D5" rev="30">
<attrib name="value" value="22"/></item>
<item name="D6" rev="30">
<attrib name="value" value="22"/></item>
<item name="DI" rev="30">
<attrib name="value" value="22"/></item>
<item name="DMUX" rev="30">
<attrib name="value" value="20"/></item>
<item name="DQ" rev="30">
<attrib name="value" value="8"/></item>
<item name="DX" rev="30">
<attrib name="value" value="21"/></item>
<item name="SR" rev="30">
<attrib name="value" value="3"/></item>
<item name="WE" rev="30">
<attrib name="value" value="3"/></item>
</group>
<group name="IOB_OUTBUF">
<item name="IN" rev="30">
<attrib name="value" value="19"/></item>
<item name="OUT" rev="30">
<attrib name="value" value="19"/></item>
</group>
<group name="SLICEX">
<item name="A" rev="30">
<attrib name="value" value="90"/></item>
<item name="A1" rev="30">
<attrib name="value" value="75"/></item>
<item name="A2" rev="30">
<attrib name="value" value="108"/></item>
<item name="A3" rev="30">
<attrib name="value" value="112"/></item>
<item name="A4" rev="30">
<attrib name="value" value="125"/></item>
<item name="A5" rev="30">
<attrib name="value" value="131"/></item>
<item name="A6" rev="30">
<attrib name="value" value="127"/></item>
<item name="AMUX" rev="30">
<attrib name="value" value="40"/></item>
<item name="AQ" rev="30">
<attrib name="value" value="81"/></item>
<item name="AX" rev="30">
<attrib name="value" value="35"/></item>
<item name="B" rev="30">
<attrib name="value" value="79"/></item>
<item name="B1" rev="30">
<attrib name="value" value="47"/></item>
<item name="B2" rev="30">
<attrib name="value" value="69"/></item>
<item name="B3" rev="30">
<attrib name="value" value="88"/></item>
<item name="B4" rev="30">
<attrib name="value" value="89"/></item>
<item name="B5" rev="30">
<attrib name="value" value="92"/></item>
<item name="B6" rev="30">
<attrib name="value" value="94"/></item>
<item name="BMUX" rev="30">
<attrib name="value" value="18"/></item>
<item name="BQ" rev="30">
<attrib name="value" value="32"/></item>
<item name="BX" rev="30">
<attrib name="value" value="16"/></item>
<item name="C" rev="30">
<attrib name="value" value="45"/></item>
<item name="C1" rev="30">
<attrib name="value" value="16"/></item>
<item name="C2" rev="30">
<attrib name="value" value="34"/></item>
<item name="C3" rev="30">
<attrib name="value" value="46"/></item>
<item name="C4" rev="30">
<attrib name="value" value="59"/></item>
<item name="C5" rev="30">
<attrib name="value" value="60"/></item>
<item name="C6" rev="30">
<attrib name="value" value="60"/></item>
<item name="CE" rev="30">
<attrib name="value" value="98"/></item>
<item name="CLK" rev="30">
<attrib name="value" value="129"/></item>
<item name="CMUX" rev="30">
<attrib name="value" value="13"/></item>
<item name="CQ" rev="30">
<attrib name="value" value="29"/></item>
<item name="CX" rev="30">
<attrib name="value" value="14"/></item>
<item name="D" rev="30">
<attrib name="value" value="52"/></item>
<item name="D1" rev="30">
<attrib name="value" value="13"/></item>
<item name="D2" rev="30">
<attrib name="value" value="24"/></item>
<item name="D3" rev="30">
<attrib name="value" value="45"/></item>
<item name="D4" rev="30">
<attrib name="value" value="58"/></item>
<item name="D5" rev="30">
<attrib name="value" value="59"/></item>
<item name="D6" rev="30">
<attrib name="value" value="59"/></item>
<item name="DMUX" rev="30">
<attrib name="value" value="10"/></item>
<item name="DQ" rev="30">
<attrib name="value" value="22"/></item>
<item name="DX" rev="30">
<attrib name="value" value="14"/></item>
<item name="SR" rev="30">
<attrib name="value" value="78"/></item>
</group>
<group name="BUFG_BUFG">
<item name="I0" rev="30">
<attrib name="value" value="1"/></item>
<item name="O" rev="30">
<attrib name="value" value="1"/></item>
</group>
<group name="PAD">
<item name="PAD" rev="30">
<attrib name="value" value="33"/></item>
</group>
<group name="IOB_INBUF">
<item name="OUT" rev="30">
<attrib name="value" value="14"/></item>
<item name="PAD" rev="30">
<attrib name="value" value="14"/></item>
</group>
<group name="RAMB16BWER">
<item name="ADDRA10" rev="30">
<attrib name="value" value="4"/></item>
<item name="ADDRA11" rev="30">
<attrib name="value" value="4"/></item>
<item name="ADDRA12" rev="30">
<attrib name="value" value="4"/></item>
<item name="ADDRA13" rev="30">
<attrib name="value" value="4"/></item>
<item name="ADDRA3" rev="30">
<attrib name="value" value="4"/></item>
<item name="ADDRA4" rev="30">
<attrib name="value" value="4"/></item>
<item name="ADDRA5" rev="30">
<attrib name="value" value="4"/></item>
<item name="ADDRA6" rev="30">
<attrib name="value" value="4"/></item>
<item name="ADDRA7" rev="30">
<attrib name="value" value="4"/></item>
<item name="ADDRA8" rev="30">
<attrib name="value" value="4"/></item>
<item name="ADDRA9" rev="30">
<attrib name="value" value="4"/></item>
<item name="ADDRB10" rev="30">
<attrib name="value" value="4"/></item>
<item name="ADDRB11" rev="30">
<attrib name="value" value="4"/></item>
<item name="ADDRB12" rev="30">
<attrib name="value" value="4"/></item>
<item name="ADDRB13" rev="30">
<attrib name="value" value="4"/></item>
<item name="ADDRB3" rev="30">
<attrib name="value" value="4"/></item>
<item name="ADDRB4" rev="30">
<attrib name="value" value="4"/></item>
<item name="ADDRB5" rev="30">
<attrib name="value" value="4"/></item>
<item name="ADDRB6" rev="30">
<attrib name="value" value="4"/></item>
<item name="ADDRB7" rev="30">
<attrib name="value" value="4"/></item>
<item name="ADDRB8" rev="30">
<attrib name="value" value="4"/></item>
<item name="ADDRB9" rev="30">
<attrib name="value" value="4"/></item>
<item name="CLKA" rev="30">
<attrib name="value" value="4"/></item>
<item name="CLKB" rev="30">
<attrib name="value" value="4"/></item>
<item name="DIA0" rev="30">
<attrib name="value" value="4"/></item>
<item name="DIA1" rev="30">
<attrib name="value" value="4"/></item>
<item name="DIA2" rev="30">
<attrib name="value" value="4"/></item>
<item name="DIA3" rev="30">
<attrib name="value" value="4"/></item>
<item name="DIA4" rev="30">
<attrib name="value" value="4"/></item>
<item name="DIA5" rev="30">
<attrib name="value" value="4"/></item>
<item name="DIA6" rev="30">
<attrib name="value" value="4"/></item>
<item name="DIA7" rev="30">
<attrib name="value" value="4"/></item>
<item name="DIB0" rev="30">
<attrib name="value" value="4"/></item>
<item name="DIB1" rev="30">
<attrib name="value" value="4"/></item>
<item name="DIB2" rev="30">
<attrib name="value" value="4"/></item>
<item name="DIB3" rev="30">
<attrib name="value" value="4"/></item>
<item name="DIB4" rev="30">
<attrib name="value" value="4"/></item>
<item name="DIB5" rev="30">
<attrib name="value" value="4"/></item>
<item name="DIB6" rev="30">
<attrib name="value" value="4"/></item>
<item name="DIB7" rev="30">
<attrib name="value" value="4"/></item>
<item name="DIPA0" rev="30">
<attrib name="value" value="4"/></item>
<item name="DIPB0" rev="30">
<attrib name="value" value="4"/></item>
<item name="DOA0" rev="30">
<attrib name="value" value="4"/></item>
<item name="DOA1" rev="30">
<attrib name="value" value="4"/></item>
<item name="DOA2" rev="30">
<attrib name="value" value="4"/></item>
<item name="DOA3" rev="30">
<attrib name="value" value="4"/></item>
<item name="DOA4" rev="30">
<attrib name="value" value="4"/></item>
<item name="DOA5" rev="30">
<attrib name="value" value="4"/></item>
<item name="DOA6" rev="30">
<attrib name="value" value="4"/></item>
<item name="DOA7" rev="30">
<attrib name="value" value="4"/></item>
<item name="DOB0" rev="30">
<attrib name="value" value="4"/></item>
<item name="DOB1" rev="30">
<attrib name="value" value="4"/></item>
<item name="DOB2" rev="30">
<attrib name="value" value="4"/></item>
<item name="DOB3" rev="30">
<attrib name="value" value="4"/></item>
<item name="DOB4" rev="30">
<attrib name="value" value="4"/></item>
<item name="DOB5" rev="30">
<attrib name="value" value="4"/></item>
<item name="DOB6" rev="30">
<attrib name="value" value="4"/></item>
<item name="DOB7" rev="30">
<attrib name="value" value="4"/></item>
<item name="ENA" rev="30">
<attrib name="value" value="4"/></item>
<item name="ENB" rev="30">
<attrib name="value" value="4"/></item>
<item name="RSTA" rev="30">
<attrib name="value" value="4"/></item>
<item name="RSTB" rev="30">
<attrib name="value" value="4"/></item>
<item name="WEA0" rev="30">
<attrib name="value" value="4"/></item>
<item name="WEA1" rev="30">
<attrib name="value" value="4"/></item>
<item name="WEA2" rev="30">
<attrib name="value" value="4"/></item>
<item name="WEA3" rev="30">
<attrib name="value" value="4"/></item>
<item name="WEB0" rev="30">
<attrib name="value" value="4"/></item>
<item name="WEB1" rev="30">
<attrib name="value" value="4"/></item>
<item name="WEB2" rev="30">
<attrib name="value" value="4"/></item>
<item name="WEB3" rev="30">
<attrib name="value" value="4"/></item>
</group>
<group name="RAMB16BWER_RAMB16BWER">
<item name="ADDRA10" rev="30">
<attrib name="value" value="4"/></item>
<item name="ADDRA11" rev="30">
<attrib name="value" value="4"/></item>
<item name="ADDRA12" rev="30">
<attrib name="value" value="4"/></item>
<item name="ADDRA13" rev="30">
<attrib name="value" value="4"/></item>
<item name="ADDRA3" rev="30">
<attrib name="value" value="4"/></item>
<item name="ADDRA4" rev="30">
<attrib name="value" value="4"/></item>
<item name="ADDRA5" rev="30">
<attrib name="value" value="4"/></item>
<item name="ADDRA6" rev="30">
<attrib name="value" value="4"/></item>
<item name="ADDRA7" rev="30">
<attrib name="value" value="4"/></item>
<item name="ADDRA8" rev="30">
<attrib name="value" value="4"/></item>
<item name="ADDRA9" rev="30">
<attrib name="value" value="4"/></item>
<item name="ADDRB10" rev="30">
<attrib name="value" value="4"/></item>
<item name="ADDRB11" rev="30">
<attrib name="value" value="4"/></item>
<item name="ADDRB12" rev="30">
<attrib name="value" value="4"/></item>
<item name="ADDRB13" rev="30">
<attrib name="value" value="4"/></item>
<item name="ADDRB3" rev="30">
<attrib name="value" value="4"/></item>
<item name="ADDRB4" rev="30">
<attrib name="value" value="4"/></item>
<item name="ADDRB5" rev="30">
<attrib name="value" value="4"/></item>
<item name="ADDRB6" rev="30">
<attrib name="value" value="4"/></item>
<item name="ADDRB7" rev="30">
<attrib name="value" value="4"/></item>
<item name="ADDRB8" rev="30">
<attrib name="value" value="4"/></item>
<item name="ADDRB9" rev="30">
<attrib name="value" value="4"/></item>
<item name="CLKA" rev="30">
<attrib name="value" value="4"/></item>
<item name="CLKB" rev="30">
<attrib name="value" value="4"/></item>
<item name="DIA0" rev="30">
<attrib name="value" value="4"/></item>
<item name="DIA1" rev="30">
<attrib name="value" value="4"/></item>
<item name="DIA2" rev="30">
<attrib name="value" value="4"/></item>
<item name="DIA3" rev="30">
<attrib name="value" value="4"/></item>
<item name="DIA4" rev="30">
<attrib name="value" value="4"/></item>
<item name="DIA5" rev="30">
<attrib name="value" value="4"/></item>
<item name="DIA6" rev="30">
<attrib name="value" value="4"/></item>
<item name="DIA7" rev="30">
<attrib name="value" value="4"/></item>
<item name="DIB0" rev="30">
<attrib name="value" value="4"/></item>
<item name="DIB1" rev="30">
<attrib name="value" value="4"/></item>
<item name="DIB2" rev="30">
<attrib name="value" value="4"/></item>
<item name="DIB3" rev="30">
<attrib name="value" value="4"/></item>
<item name="DIB4" rev="30">
<attrib name="value" value="4"/></item>
<item name="DIB5" rev="30">
<attrib name="value" value="4"/></item>
<item name="DIB6" rev="30">
<attrib name="value" value="4"/></item>
<item name="DIB7" rev="30">
<attrib name="value" value="4"/></item>
<item name="DIPA0" rev="30">
<attrib name="value" value="4"/></item>
<item name="DIPB0" rev="30">
<attrib name="value" value="4"/></item>
<item name="DOA0" rev="30">
<attrib name="value" value="4"/></item>
<item name="DOA1" rev="30">
<attrib name="value" value="4"/></item>
<item name="DOA2" rev="30">
<attrib name="value" value="4"/></item>
<item name="DOA3" rev="30">
<attrib name="value" value="4"/></item>
<item name="DOA4" rev="30">
<attrib name="value" value="4"/></item>
<item name="DOA5" rev="30">
<attrib name="value" value="4"/></item>
<item name="DOA6" rev="30">
<attrib name="value" value="4"/></item>
<item name="DOA7" rev="30">
<attrib name="value" value="4"/></item>
<item name="DOB0" rev="30">
<attrib name="value" value="4"/></item>
<item name="DOB1" rev="30">
<attrib name="value" value="4"/></item>
<item name="DOB2" rev="30">
<attrib name="value" value="4"/></item>
<item name="DOB3" rev="30">
<attrib name="value" value="4"/></item>
<item name="DOB4" rev="30">
<attrib name="value" value="4"/></item>
<item name="DOB5" rev="30">
<attrib name="value" value="4"/></item>
<item name="DOB6" rev="30">
<attrib name="value" value="4"/></item>
<item name="DOB7" rev="30">
<attrib name="value" value="4"/></item>
<item name="ENA" rev="30">
<attrib name="value" value="4"/></item>
<item name="ENB" rev="30">
<attrib name="value" value="4"/></item>
<item name="RSTA" rev="30">
<attrib name="value" value="4"/></item>
<item name="RSTB" rev="30">
<attrib name="value" value="4"/></item>
<item name="WEA0" rev="30">
<attrib name="value" value="4"/></item>
<item name="WEA1" rev="30">
<attrib name="value" value="4"/></item>
<item name="WEA2" rev="30">
<attrib name="value" value="4"/></item>
<item name="WEA3" rev="30">
<attrib name="value" value="4"/></item>
<item name="WEB0" rev="30">
<attrib name="value" value="4"/></item>
<item name="WEB1" rev="30">
<attrib name="value" value="4"/></item>
<item name="WEB2" rev="30">
<attrib name="value" value="4"/></item>
<item name="WEB3" rev="30">
<attrib name="value" value="4"/></item>
</group>
<group name="CARRY4">
<item name="CIN" rev="30">
<attrib name="value" value="14"/></item>
<item name="CO0" rev="30">
<attrib name="value" value="4"/></item>
<item name="CO1" rev="30">
<attrib name="value" value="2"/></item>
<item name="CO2" rev="30">
<attrib name="value" value="2"/></item>
<item name="CO3" rev="30">
<attrib name="value" value="15"/></item>
<item name="CYINIT" rev="30">
<attrib name="value" value="5"/></item>
<item name="DI0" rev="30">
<attrib name="value" value="19"/></item>
<item name="DI1" rev="30">
<attrib name="value" value="18"/></item>
<item name="DI2" rev="30">
<attrib name="value" value="16"/></item>
<item name="DI3" rev="30">
<attrib name="value" value="14"/></item>
<item name="O0" rev="30">
<attrib name="value" value="10"/></item>
<item name="O1" rev="30">
<attrib name="value" value="13"/></item>
<item name="O2" rev="30">
<attrib name="value" value="12"/></item>
<item name="O3" rev="30">
<attrib name="value" value="11"/></item>
<item name="S0" rev="30">
<attrib name="value" value="19"/></item>
<item name="S1" rev="30">
<attrib name="value" value="18"/></item>
<item name="S2" rev="30">
<attrib name="value" value="17"/></item>
<item name="S3" rev="30">
<attrib name="value" value="16"/></item>
</group>
<group name="LUT5">
<item name="A1" rev="30">
<attrib name="value" value="44"/></item>
<item name="A2" rev="30">
<attrib name="value" value="102"/></item>
<item name="A3" rev="30">
<attrib name="value" value="102"/></item>
<item name="A4" rev="30">
<attrib name="value" value="53"/></item>
<item name="A5" rev="30">
<attrib name="value" value="39"/></item>
<item name="O5" rev="30">
<attrib name="value" value="138"/></item>
</group>
<group name="LUT6">
<item name="A1" rev="30">
<attrib name="value" value="151"/></item>
<item name="A2" rev="30">
<attrib name="value" value="260"/></item>
<item name="A3" rev="30">
<attrib name="value" value="324"/></item>
<item name="A4" rev="30">
<attrib name="value" value="390"/></item>
<item name="A5" rev="30">
<attrib name="value" value="409"/></item>
<item name="A6" rev="30">
<attrib name="value" value="418"/></item>
<item name="O6" rev="30">
<attrib name="value" value="420"/></item>
</group>
<group name="SELMUX2_1">
<item name="0" rev="30">
<attrib name="value" value="2"/></item>
<item name="1" rev="30">
<attrib name="value" value="2"/></item>
<item name="OUT" rev="30">
<attrib name="value" value="2"/></item>
<item name="S0" rev="30">
<attrib name="value" value="2"/></item>
</group>
<group name="IOB_IMUX">
<item name="I" rev="30">
<attrib name="value" value="14"/></item>
<item name="OUT" rev="30">
<attrib name="value" value="14"/></item>
</group>
<group name="IOB">
<item name="I" rev="30">
<attrib name="value" value="14"/></item>
<item name="O" rev="30">
<attrib name="value" value="19"/></item>
<item name="PAD" rev="30">
<attrib name="value" value="33"/></item>
</group>
<group name="HARD0">
<item name="0" rev="30">
<attrib name="value" value="2"/></item>
</group>
<group name="HARD1">
<item name="1" rev="30">
<attrib name="value" value="1"/></item>
</group>
<group name="FF_SR">
<item name="CE" rev="30">
<attrib name="value" value="44"/></item>
<item name="CK" rev="30">
<attrib name="value" value="46"/></item>
<item name="D" rev="30">
<attrib name="value" value="46"/></item>
<item name="Q" rev="30">
<attrib name="value" value="46"/></item>
<item name="SR" rev="30">
<attrib name="value" value="14"/></item>
</group>
<group name="BUFG">
<item name="I0" rev="30">
<attrib name="value" value="1"/></item>
<item name="O" rev="30">
<attrib name="value" value="1"/></item>
</group>
</ReportPinData>
<CmdHistory>
</CmdHistory>
</DeviceUsageSummary>
